college,where,all-users,all-users-ever-active,summer_2022,fall_2022,spring_2023,summer_2023,fall_2023,spring_2024,summer_2024,fall_2024,spring_2025,summer_2025,fall_2025,spring_2026,summer_2026,fall_2026,spring_2027
Berkeley CC,cloudbank,46,46,0,0,0,0,0,0,0,0,0,0,0,0,0,46,0
Clarke Atlanta University,cloudbank,3,3,0,0,0,0,0,0,0,0,0,0,0,0,0,3,0
Chabot CC,cloudbank,0,0,0,0,0,0,0,0,0,0,0,0,0,0,0,0,0
"Borough of Manhattan Community College, CUNY",cloudbank,0,0,0,0,0,0,0,0,0,0,0,0,0,0,0,0,0
"California Polytechnic State University, San Luis Obispo",cloudbank,0,0,0,0,0,0,0,0,0,0,0,0,0,0,0,0,0
Carroll University,cloudbank,0,0,0,0,0,0,0,0,0,0,0,0,0,0,0,0,0
Chaffey College,cloudbank,45,45,0,0,0,0,0,0,0,0,0,0,0,0,0,45,0
Berea College,cloudbank,0,0,0,0,0,0,0,0,0,0,0,0,0,0,0,0,0
Boise State University,cloudbank,49,49,0,0,0,0,0,0,0,0,0,0,0,0,0,49,0
Community College San Francisco,cloudbank,146,140,0,0,0,0,0,0,0,0,0,0,0,0,0,140,0
Computing Research Association,cloudbank,0,0,0,0,0,0,0,0,0,0,0,0,0,0,0,0,0
Clark University,cloudbank,26,26,0,0,0,0,0,0,0,0,0,0,0,0,0,26,0
Carnegie Mellon University,cloudbank,3,3,0,0,0,0,0,0,0,0,0,0,0,0,0,3,0
Chicago State University,cloudbank,0,0,0,0,0,0,0,0,0,0,0,0,0,0,0,0,0
Cloud County Community College,cloudbank,0,0,0,0,0,0,0,0,0,0,0,0,0,0,0,0,0
Chaminade University of Honolulu,cloudbank,1,1,0,0,0,0,0,0,0,0,0,0,0,0,0,1,0
East LA College,cloudbank,0,0,0,0,0,0,0,0,0,0,0,0,0,0,0,0,0
College of San Mateo,cloudbank,23,23,0,0,0,0,0,0,0,0,0,0,0,0,0,23,0
DeAnza College,cloudbank,0,0,0,0,0,0,0,0,0,0,0,0,0,0,0,0,0
CSU San Marcos,cloudbank,30,30,0,0,0,0,0,0,0,0,0,0,0,0,0,30,0
East Tennessee State,cloudbank,0,0,0,0,0,0,0,0,0,0,0,0,0,0,0,0,0
Eastern Michigan University,cloudbank,19,17,0,0,0,0,0,0,0,0,0,0,0,0,0,17,0
El Paso Community College,cloudbank,10,10,0,0,0,0,0,0,0,0,0,0,0,0,0,10,0
Florida Gulf Coast University,cloudbank,0,0,0,0,0,0,0,0,0,0,0,0,0,0,0,0,0
El Camino Community College,cloudbank,115,115,0,0,0,0,0,0,0,0,0,0,0,0,0,115,0
Fullerton College,cloudbank,0,0,0,0,0,0,0,0,0,0,0,0,0,0,0,0,0
George University,cloudbank,0,0,0,0,0,0,0,0,0,0,0,0,0,0,0,0,0
Fresno Community College,cloudbank,23,23,0,0,0,0,0,0,0,0,0,0,0,0,0,23,0
Evergreen Community College,cloudbank,66,65,0,0,0,0,0,0,0,0,0,0,0,0,0,65,0
Foothill Community College,cloudbank,75,75,0,0,0,0,0,0,0,0,0,0,0,0,0,75,0
Glendale Community College,cloudbank,30,30,0,0,0,0,0,0,0,0,0,0,0,0,0,30,0
Governors School of Science and Math,cloudbank,0,0,0,0,0,0,0,0,0,0,0,0,0,0,0,0,0
Golden West College,cloudbank,0,0,0,0,0,0,0,0,0,0,0,0,0,0,0,0,0
Harvey Mudd College,cloudbank,0,0,0,0,0,0,0,0,0,0,0,0,0,0,0,0,0
Howard University,cloudbank,0,0,0,0,0,0,0,0,0,0,0,0,0,0,0,0,0
Illinois Institute of Technology,cloudbank,0,0,0,0,0,0,0,0,0,0,0,0,0,0,0,0,0
High School,cloudbank,1,1,0,0,0,0,0,0,0,0,0,0,0,0,0,1,0
George Washington University,cloudbank,162,162,0,0,0,0,0,0,0,0,0,0,0,0,0,162,0
Cal Poly Humboldt,cloudbank,119,118,0,0,0,0,0,0,0,0,0,0,0,0,0,118,0
Indiana University Bloomington,cloudbank,0,0,0,0,0,0,0,0,0,0,0,0,0,0,0,0,0
Ivy Tech Community College of Indiana,cloudbank,0,0,0,0,0,0,0,0,0,0,0,0,0,0,0,0,0
Los Angeles Community College,cloudbank,58,58,0,0,0,0,0,0,0,0,0,0,0,0,0,58,0
Kean University,cloudbank,0,0,0,0,0,0,0,0,0,0,0,0,0,0,0,0,0
Los Angeles Harbor College,cloudbank,0,0,0,0,0,0,0,0,0,0,0,0,0,0,0,0,0
Las Positas College,cloudbank,0,0,0,0,0,0,0,0,0,0,0,0,0,0,0,0,0
LA Valley College,cloudbank,0,0,0,0,0,0,0,0,0,0,0,0,0,0,0,0,0
Long Beach Community College,cloudbank,16,16,0,0,0,0,0,0,0,0,0,0,0,0,0,16,0
University of Maine,cloudbank,13,13,0,0,0,0,0,0,0,0,0,0,0,0,0,13,0
Laney Community College,cloudbank,63,63,0,0,0,0,0,0,0,0,0,0,0,0,0,63,0
Marian University,cloudbank,0,0,0,0,0,0,0,0,0,0,0,0,0,0,0,0,0
Merced College,cloudbank,0,0,0,0,0,0,0,0,0,0,0,0,0,0,0,0,0
Merritt College,cloudbank,0,0,0,0,0,0,0,0,0,0,0,0,0,0,0,0,0
MiraCosta College,cloudbank,8,8,0,0,0,0,0,0,0,0,0,0,0,0,0,8,0
Mendocino College,cloudbank,0,0,0,0,0,0,0,0,0,0,0,0,0,0,0,0,0
Mission College,cloudbank,0,0,0,0,0,0,0,0,0,0,0,0,0,0,0,0,0
Meharry Medical College,cloudbank,0,0,0,0,0,0,0,0,0,0,0,0,0,0,0,0,0
Monmouth University,cloudbank,16,16,0,0,0,0,0,0,0,0,0,0,0,0,0,16,0
Moreno Community College,cloudbank,29,29,0,0,0,0,0,0,0,0,0,0,0,0,0,29,0
Northeast Iowa Community College,cloudbank,0,0,0,0,0,0,0,0,0,0,0,0,0,0,0,0,0
Oregon Institute of Technology,cloudbank,0,0,0,0,0,0,0,0,0,0,0,0,0,0,0,0,0
Oakland City University,cloudbank,0,0,0,0,0,0,0,0,0,0,0,0,0,0,0,0,0
Norco Community College,cloudbank,28,28,0,0,0,0,0,0,0,0,0,0,0,0,0,28,0
Nova SouthEastern University,cloudbank,25,25,0,0,0,0,0,0,0,0,0,0,0,0,0,25,0
Orange Coast College,cloudbank,0,0,0,0,0,0,0,0,0,0,0,0,0,0,0,0,0
Monterey Peninsula College,icor,1,1,0,0,0,0,0,0,0,0,0,0,0,0,0,1,0
Oak Ridge National Laboratory,cloudbank,0,0,0,0,0,0,0,0,0,0,0,0,0,0,0,0,0
Palomar Community College,cloudbank,0,0,0,0,0,0,0,0,0,0,0,0,0,0,0,0,0
Pennsylvania State University,cloudbank,21,21,0,0,0,0,0,0,0,0,0,0,0,0,0,21,0
Pasadena Community College,cloudbank,65,65,0,0,0,0,0,0,0,0,0,0,0,0,0,65,0
College of the Redwoods,cloudbank,0,0,0,0,0,0,0,0,0,0,0,0,0,0,0,0,0
Reedley Community College,cloudbank,0,0,0,0,0,0,0,0,0,0,0,0,0,0,0,0,0
Rhode Island College,cloudbank,0,0,0,0,0,0,0,0,0,0,0,0,0,0,0,0,0
Rio Hondo Community College,cloudbank,0,0,0,0,0,0,0,0,0,0,0,0,0,0,0,0,0
Santiago Canyon College,cloudbank,7,7,0,0,0,0,0,0,0,0,0,0,0,0,0,7,0
SaddleBack Community College,cloudbank,50,50,0,0,0,0,0,0,0,0,0,0,0,0,0,50,0
Shasta College,cloudbank,1,1,0,0,0,0,0,0,0,0,0,0,0,0,0,1,0
Santa Barbara City College,cloudbank,81,61,0,0,0,0,0,0,0,0,0,0,0,0,0,61,0
Sierra Community College,cloudbank,26,26,0,0,0,0,0,0,0,0,0,0,0,0,0,26,0
San Jose Community College,cloudbank,0,0,0,0,0,0,0,0,0,0,0,0,0,0,0,0,0
Skyline Community College,cloudbank,33,33,0,0,0,0,0,0,0,0,0,0,0,0,0,33,0
Santa Monica College,cloudbank,17,17,0,0,0,0,0,0,0,0,0,0,0,0,0,17,0
Southern Oregon University,cloudbank,11,11,0,0,0,0,0,0,0,0,0,0,0,0,0,11,0
Spelman College,cloudbank,17,17,0,0,0,0,0,0,0,0,0,0,0,0,0,17,0
Santa Rosa Junior College,cloudbank,34,34,0,0,0,0,0,0,0,0,0,0,0,0,0,34,0
Tiffin University,cloudbank,2,2,0,0,0,0,0,0,0,0,0,0,0,0,0,2,0
Tennessee Technological University,cloudbank,3,3,0,0,0,0,0,0,0,0,0,0,0,0,0,3,0
University of Toledo,cloudbank,0,0,0,0,0,0,0,0,0,0,0,0,0,0,0,0,0
Tuskegee University,cloudbank,0,0,0,0,0,0,0,0,0,0,0,0,0,0,0,0,0
University of Arkansas for Medical Sciences,cloudbank,5,5,0,0,0,0,0,0,0,0,0,0,0,0,0,5,0
University of Maryland,cloudbank,14,14,0,0,0,0,0,0,0,0,0,0,0,0,0,14,0
University of North Carolina at Wilmington,cloudbank,0,0,0,0,0,0,0,0,0,0,0,0,0,0,0,0,0
University of North Dakota,cloudbank,0,0,0,0,0,0,0,0,0,0,0,0,0,0,0,0,0
University of Texas at Arlington,cloudbank,42,42,0,0,0,0,0,0,0,0,0,0,0,0,0,42,0
University of Texas at Permian Basin,cloudbank,0,0,0,0,0,0,0,0,0,0,0,0,0,0,0,0,0
University of Virginia,cloudbank,2,1,0,0,0,0,0,0,0,0,0,0,0,0,0,1,0
University of Wyoming,cloudbank,0,0,0,0,0,0,0,0,0,0,0,0,0,0,0,0,0
Western Carolina University,cloudbank,0,0,0,0,0,0,0,0,0,0,0,0,0,0,0,0,0
Weber State University,cloudbank,0,0,0,0,0,0,0,0,0,0,0,0,0,0,0,0,0
Whitman College,cloudbank,2,2,0,0,0,0,0,0,0,0,0,0,0,0,0,2,0
Willamette University,cloudbank,0,0,0,0,0,0,0,0,0,0,0,0,0,0,0,0,0
West LA College,cloudbank,0,0,0,0,0,0,0,0,0,0,0,0,0,0,0,0,0
"York College, CUNY",cloudbank,12,12,0,0,0,0,0,0,0,0,0,0,0,0,0,12,0
Cal Poly Pomona,icor,1,1,0,0,0,0,0,0,0,0,0,0,0,0,1,0,0
CSU Dominguez Hills,icor,4,4,0,0,0,0,0,0,0,0,0,0,0,0,2,2,0
University of North Carolina at Chapel Hill,cloudbank,227,227,0,0,0,0,0,0,0,0,0,0,0,0,0,227,0
CSU Bakersfield,icor,181,181,0,0,0,0,0,0,0,0,0,0,27,29,0,125,0
CSU Fullerton,icor,175,175,0,0,0,0,0,0,0,0,0,66,96,4,1,8,0
CSU Long Beach,icor,120,119,0,0,0,0,0,0,0,0,9,3,30,34,0,43,0
CSU Fresno,icor,0,0,0,0,0,0,0,0,0,0,0,0,0,0,0,0,0
CSU Northridge,icor,70,70,0,0,0,0,0,0,0,0,0,0,22,47,0,1,0
CSU San Bernardino,icor,24,24,0,0,0,0,0,0,0,0,0,0,0,0,0,24,0
CSU Chico,icor,229,229,0,0,0,0,0,0,0,0,0,0,1,57,2,169,0
CSU San Marcos,icor,31,31,0,0,0,0,0,0,0,0,0,0,0,0,0,31,0
CSU San Jose,icor,168,168,0,0,0,0,0,0,0,0,0,0,0,91,0,77,0
CSU Stanislaus,icor,0,0,0,0,0,0,0,0,0,0,0,0,0,0,0,0,0
CSU Sonoma,icor,1,1,0,0,0,0,0,0,0,0,0,0,0,0,0,1,0
CSU East Bay,icor,335,334,0,0,0,0,0,0,0,0,0,2,42,91,2,197,0
Folsom Lake College,icor,135,135,0,0,0,0,0,0,0,0,0,0,43,64,0,28,0
CSU Sacramento,icor,586,586,0,0,0,0,0,0,0,0,0,1,144,199,4,238,0
Diablo Valley College,icor,521,521,0,0,0,0,0,0,0,0,0,93,113,139,71,104,0
"University of California, Santa Cruz",icor,726,726,0,0,0,0,0,0,0,0,0,5,200,257,2,262,0
CSU Monterey Bay,icor,1025,1025,0,0,0,0,0,0,0,0,0,5,189,272,12,547,0
Total,,6253,6220,0,0,0,0,0,0,0,0,9,175,907,1284,97,3747,0
Total Schools > 5 Users,,54,54,0,0,0,0,0,0,0,0,1,2,10,11,2,53,0
