date,cloudbank,icor
2025-01-01,13,
2025-01-02,22,
2025-01-03,10,
2025-01-04,11,
2025-01-05,24,
2025-01-06,61,
2025-01-07,69,
2025-01-08,74,
2025-01-09,168,
2025-01-10,60,
2025-01-11,53,
2025-01-12,30,
2025-01-13,137,
2025-01-14,88,
2025-01-15,106,
2025-01-16,120,
2025-01-17,96,
2025-01-18,77,
2025-01-19,107,
2025-01-20,93,
2025-01-21,159,
2025-01-22,147,
2025-01-23,281,
2025-01-24,188,
2025-01-25,145,
2025-01-26,144,
2025-01-27,312,
2025-01-28,326,
2025-01-29,379,
2025-01-30,331,
2025-01-31,273,
2025-02-01,158,
2025-02-02,229,
2025-02-03,349,
2025-02-04,322,
2025-02-05,418,
2025-02-06,376,
2025-02-07,304,
2025-02-08,149,
2025-02-09,223,
2025-02-10,298,
2025-02-11,360,
2025-02-12,409,
2025-02-13,367,
2025-02-14,261,
2025-02-15,161,
2025-02-16,248,
2025-02-17,352,
2025-02-18,403,
2025-02-19,447,
2025-02-20,436,
2025-02-21,335,
2025-02-22,259,
2025-02-23,324,
2025-02-24,455,
2025-02-25,422,
2025-02-26,464,
2025-02-27,420,
2025-02-28,420,
2025-03-01,309,
2025-03-02,340,
2025-03-03,386,
2025-03-04,369,
2025-03-05,429,
2025-03-06,394,
2025-03-07,294,
2025-03-08,220,
2025-03-09,303,
2025-03-10,414,
2025-03-11,360,
2025-03-12,414,
2025-03-13,343,
2025-03-14,253,
2025-03-15,245,
2025-03-16,223,
2025-03-17,290,
2025-03-18,309,
2025-03-19,341,
2025-03-20,362,
2025-03-21,272,
2025-03-22,256,
2025-03-23,245,
2025-03-24,283,
2025-03-25,262,
2025-03-26,327,
2025-03-27,284,
2025-03-28,298,
2025-03-29,113,
2025-03-30,149,
2025-03-31,175,
2025-04-01,180,
2025-04-02,190,
2025-04-03,182,
2025-04-04,135,
2025-04-05,116,
2025-04-06,189,
2025-04-07,297,
2025-04-08,236,
2025-04-09,268,
2025-04-10,264,
2025-04-11,294,
2025-04-12,152,
2025-04-13,208,
2025-04-14,328,
2025-04-15,251,
2025-04-16,238,
2025-04-17,223,
2025-04-18,167,
2025-04-19,131,
2025-04-20,230,
2025-04-21,292,
2025-04-22,337,
2025-04-23,374,
2025-04-24,336,
2025-04-25,237,
2025-04-26,190,
2025-04-27,242,
2025-04-28,338,
2025-04-29,332,
2025-04-30,358,
2025-05-01,257,
2025-05-02,217,
2025-05-03,161,
2025-05-04,239,
2025-05-05,316,
2025-05-06,266,
2025-05-07,336,
2025-05-08,288,
2025-05-09,231,
2025-05-10,141,
2025-05-11,157,
2025-05-12,245,
2025-05-13,244,
2025-05-14,315,
2025-05-15,293,
2025-05-16,258,
2025-05-17,181,
2025-05-18,269,
2025-05-19,299,
2025-05-20,300,
2025-05-21,167,
2025-05-22,165,
2025-05-23,74,
2025-05-24,104,
2025-05-25,59,
2025-05-26,52,
2025-05-27,163,
2025-05-28,156,
2025-05-29,156,
2025-05-30,115,
2025-05-31,49,
2025-06-01,68,
2025-06-02,91,
2025-06-03,62,
2025-06-04,81,
2025-06-05,67,
2025-06-06,158,
2025-06-07,58,
2025-06-08,64,
2025-06-09,199,
2025-06-10,92,
2025-06-11,131,
2025-06-12,80,
2025-06-13,115,
2025-06-14,28,
2025-06-15,34,
2025-06-16,74,
2025-06-17,141,
2025-06-18,132,
2025-06-19,69,
2025-06-20,68,
2025-06-21,52,
2025-06-22,43,
2025-06-23,177,
2025-06-24,98,
2025-06-25,115,
2025-06-26,91,
2025-06-27,88,
2025-06-28,85,
2025-06-29,57,
2025-06-30,132,
2025-07-01,202,
2025-07-02,145,
2025-07-03,135,
2025-07-04,68,
2025-07-05,47,
2025-07-06,51,
2025-07-07,177,
2025-07-08,153,
2025-07-09,154,
2025-07-10,145,
2025-07-11,142,
2025-07-12,64,
2025-07-13,60,
2025-07-14,138,
2025-07-15,142,
2025-07-16,197,
2025-07-17,180,
2025-07-18,86,
2025-07-19,54,
2025-07-20,53,
2025-07-21,174,
2025-07-22,123,
2025-07-23,165,
2025-07-24,162,
2025-07-25,68,
2025-07-26,38,
2025-07-27,66,
2025-07-28,89,
2025-07-29,96,
2025-07-30,144,
2025-07-31,113,
2025-08-01,73,
2025-08-02,45,
2025-08-03,42,
2025-08-04,80,
2025-08-05,72,
2025-08-06,70,
2025-08-07,78,
2025-08-08,65,
2025-08-09,11,
2025-08-10,10,
2025-08-11,40,
2025-08-12,37,
2025-08-13,83,
2025-08-14,50,
2025-08-15,24,
2025-08-16,21,
2025-08-17,59,
2025-08-18,119,
2025-08-19,152,
2025-08-20,129,
2025-08-21,133,
2025-08-22,69,
2025-08-23,47,
2025-08-24,129,
2025-08-25,302,
2025-08-26,323,
2025-08-27,402,
2025-08-28,284,
2025-08-29,235,
2025-08-30,214,
2025-08-31,137,
2025-09-01,133,
2025-09-02,410,
2025-09-03,512,
2025-09-04,399,
2025-09-05,321,
2025-09-06,195,
2025-09-07,230,
2025-09-08,469,
2025-09-09,397,
2025-09-10,505,
2025-09-11,407,
2025-09-12,367,
2025-09-13,237,
2025-09-14,258,
2025-09-15,513,
2025-09-16,512,
2025-09-17,439,
2025-09-18,385,
2025-09-19,383,
2025-09-20,208,
2025-09-21,273,
2025-09-22,491,
2025-09-23,416,
2025-09-24,450,
2025-09-25,479,
2025-09-26,373,
2025-09-27,235,
2025-09-28,287,
2025-09-29,465,
2025-09-30,468,
2025-10-01,487,
2025-10-02,400,
2025-10-03,308,
2025-10-04,264,
2025-10-05,318,
2025-10-06,429,
2025-10-07,433,
2025-10-08,434,
2025-10-09,400,
2025-10-10,338,
2025-10-11,199,
2025-10-12,230,
2025-10-13,320,
2025-10-14,380,
2025-10-15,325,
2025-10-16,340,
2025-10-17,291,
2025-10-18,155,
2025-10-19,277,
2025-10-20,321,
2025-10-21,350,
2025-10-22,324,
2025-10-23,325,
2025-10-24,301,
2025-10-25,178,
2025-10-26,285,
2025-10-27,334,
2025-10-28,296,
2025-10-29,386,
2025-10-30,354,
2025-10-31,262,
2025-11-01,143,
2025-11-02,180,
2025-11-03,325,
2025-11-04,314,
2025-11-05,327,
2025-11-06,314,
2025-11-07,253,
2025-11-08,180,
2025-11-09,230,
2025-11-10,322,
2025-11-11,277,
2025-11-12,347,
2025-11-13,384,
2025-11-14,295,
2025-11-15,217,
2025-11-16,170,
2025-11-17,295,
2025-11-18,330,
2025-11-19,325,
2025-11-20,321,
2025-11-21,251,
2025-11-22,176,
2025-11-23,210,
2025-11-25,257,
2025-11-26,281,
2025-11-27,90,
2025-11-28,99,
2025-11-29,129,
2025-11-30,156,
2025-12-01,282,
2025-12-02,317,
2025-12-03,290,
2025-12-04,297,
2025-12-05,338,
2025-12-06,208,
2025-12-07,238,
2025-12-08,364,
2025-12-09,278,
2025-12-10,303,
2025-12-11,282,
2025-12-12,185,
2025-12-13,111,
2025-12-14,159,
2025-12-15,198,
2025-12-16,118,
2025-12-17,124,
2025-12-18,110,
2025-12-19,33,
2025-12-20,14,
2025-12-21,7,
2025-12-22,51,
2025-12-23,8,
2025-12-24,3,
2025-12-25,3,
2025-12-26,14,
2025-12-27,18,
2025-12-28,7,
2025-12-29,10,
2025-12-30,9,
2025-12-31,12,
2026-01-01,7,
2026-01-02,6,
2026-01-03,13,
2026-01-04,20,
2026-01-05,117,
2026-01-06,104,
2026-01-07,101,
2026-01-08,96,
2026-01-09,90,
2026-01-10,62,
2026-01-11,77,
2026-01-12,225,
2026-01-13,199,
2026-01-14,108,
2026-01-15,255,
2026-01-16,129,
2026-01-17,106,
2026-01-18,103,
2026-01-19,151,
2026-01-20,301,
2026-01-21,288,
2026-01-22,306,
2026-01-23,188,
2026-01-24,140,
2026-01-25,237,
2026-01-26,417,
2026-01-27,361,
2026-01-28,444,
2026-01-29,427,
2026-01-30,388,
2026-01-31,243,
2026-02-01,278,
2026-02-02,429,
2026-02-03,431,
2026-02-04,498,
2026-02-05,454,
2026-02-06,320,
2026-02-07,232,
2026-02-08,200,
2026-02-09,426,
2026-02-10,516,
2026-02-11,521,
2026-02-12,431,
2026-02-13,392,
2026-02-14,199,
2026-02-15,245,
2026-02-16,462,
2026-02-17,616,
2026-02-18,586,
2026-02-19,517,
2026-02-20,503,
2026-02-21,315,
2026-02-22,385,
2026-02-23,605,
2026-02-24,493,
2026-02-25,579,
2026-02-27,477,
2026-02-28,268,
2026-03-01,340,
2026-03-02,540,
2026-03-03,548,
2026-03-04,506,
2026-03-05,464,
2026-03-06,360,
2026-03-07,253,
2026-03-08,311,
2026-03-09,438,429
2026-03-10,434,419
2026-03-11,515,494
2026-03-12,404,474
2026-03-13,354,375
2026-03-14,199,157
2026-03-15,296,310
2026-03-16,340,338
2026-03-17,397,345
2026-03-18,389,341
2026-03-19,422,333
2026-03-20,241,194
2026-03-21,162,80
2026-03-22,214,152
2026-03-23,374,287
2026-03-24,351,206
2026-03-25,477,227
2026-03-26,369,135
2026-03-27,289,106
2026-03-28,157,128
2026-03-29,203,134
2026-03-30,352,126
2026-03-31,331,86
2026-04-01,246,132
2026-04-02,417,193
2026-04-03,318,157
2026-04-04,182,108
2026-04-05,288,216
2026-04-06,474,318
2026-04-07,577,407
2026-04-08,434,365
2026-04-09,460,339
2026-04-10,322,328
2026-04-11,244,146
2026-04-12,290,238
2026-04-13,450,351
2026-04-14,473,385
2026-04-15,457,355
2026-04-16,388,413
2026-04-17,272,215
2026-04-18,213,121
2026-04-19,285,220
2026-04-20,391,261
2026-04-21,392,323
2026-04-22,397,279
2026-04-23,464,229
2026-04-24,405,211
2026-04-25,262,194
2026-04-26,366,319
2026-04-27,529,401
2026-04-28,458,440
2026-04-29,469,392
2026-04-30,467,428
2026-05-01,356,351
2026-05-02,250,169
2026-05-03,318,211
2026-05-04,447,267
2026-05-05,513,327
2026-05-06,485,322
2026-05-07,397,256
2026-05-08,404,303
2026-05-09,261,185
2026-05-10,309,191
2026-05-11,533,244
2026-05-12,451,258
2026-05-13,478,165
2026-05-14,423,150
2026-05-15,289,151
2026-05-16,229,100
2026-05-17,223,117
2026-05-18,423,147
2026-05-19,364,199
2026-05-20,300,132
2026-05-21,279,77
2026-05-22,292,43
2026-05-23,157,23
2026-05-24,128,21
2026-05-25,161,23
2026-05-26,233,36
2026-05-27,210,30
2026-05-28,195,39
2026-05-29,142,30
2026-05-30,84,24
2026-05-31,167,26
2026-06-01,281,33
2026-06-02,260,38
2026-06-03,318,30
2026-06-04,300,34
2026-06-05,138,22
2026-06-06,137,24
2026-06-07,138,22
2026-06-08,240,32
2026-06-09,177,39
2026-06-10,184,41
2026-06-11,141,35
2026-06-12,99,74
2026-06-13,76,18
2026-06-14,87,21
2026-06-15,126,56
2026-06-16,131,72
2026-06-17,157,76
2026-06-18,145,70
2026-06-19,138,67
2026-06-20,131,48
2026-06-21,137,72
2026-06-22,188,109
2026-06-23,167,88
2026-06-24,177,89
2026-06-25,267,76
2026-06-26,129,70
2026-06-27,124,61
2026-06-28,149,69
2026-06-29,182,56
2026-06-30,202,68
2026-07-01,304,70
2026-07-02,278,70
2026-07-03,149,56
2026-07-04,117,52
2026-07-05,95,66
2026-07-06,222,58
2026-07-07,212,47
2026-07-08,212,81
2026-07-09,292,40
2026-07-10,180,41
2026-07-11,138,24
2026-07-12,163,42
2026-07-13,218,30
2026-07-14,231,31
2026-07-15,209,53
2026-07-16,278,34
2026-07-17,160,37
2026-07-18,148,31
2026-07-19,161,42
2026-07-20,281,67
2026-07-21,268,65
2026-07-22,275,44
2026-07-23,258,49
2026-07-24,134,28
2026-07-25,107,9
2026-07-26,107,4
2026-07-27,237,11
2026-07-28,190,7
2026-07-29,250,12
2026-07-30,221,12
2026-07-31,228,5
2026-08-01,116,2
2026-08-02,118,3
2026-08-03,233,8
2026-08-04,148,9
2026-08-05,98,3
2026-08-06,124,6
2026-08-07,102,5
2026-08-08,97,2
2026-08-09,78,2
2026-08-10,131,5
2026-08-11,208,6
2026-08-12,114,7
2026-08-13,214,7
2026-08-14,199,12
2026-08-15,205,7
2026-08-16,8,9
2026-08-17,8,8
2026-08-18,9,23
2026-08-19,14,88
2026-08-20,86,98
2026-08-21,350,50
2026-08-22,153,45
2026-08-23,123,67
2026-08-24,545,372
2026-08-25,565,541
2026-08-26,345,461
2026-08-27,576,488
2026-08-28,386,334
2026-08-29,274,177
2026-08-30,375,251
2026-08-31,681,645
2026-09-01,630,671
2026-09-02,741,691
2026-09-03,514,607
2026-09-04,486,340
2026-09-05,255,160
2026-09-06,304,182
2026-09-07,474,222
2026-09-08,784,470
2026-09-09,705,718
2026-09-10,539,632
2026-09-11,468,441
2026-09-12,267,206
2026-09-13,322,283
2026-09-14,797,586
2026-09-15,650,608
2026-09-16,658,693
2026-09-17,674,585
2026-09-18,440,402
2026-09-19,255,244
2026-09-20,319,286
2026-09-21,593,625
2026-09-22,608,514
2026-09-23,604,594
2026-09-24,690,587
2026-09-25,575,426
2026-09-26,293,240
2026-09-27,398,305
2026-09-28,800,648
2026-09-29,714,466
2026-09-30,658,578
2026-10-01,656,425
2026-10-02,506,407
2026-10-03,238,233
2026-10-04,519,310
2026-10-05,712,656
2026-10-06,634,521
2026-10-07,562,
