college,where,term,users
Albany High School,cloudbank,spring_2026,107.0
Berkeley CC,cloudbank,fall_2025,25.0
Berkeley CC,cloudbank,fall_2026,46.0
Berkeley CC,cloudbank,spring_2026,42.0
Boise State University,cloudbank,fall_2026,49.0
Boise State University,cloudbank,spring_2026,1.0
"Borough of Manhattan Community College, CUNY",cloudbank,spring_2026,33.0
CSU Bakersfield,icor,fall_2025,30.0
CSU Bakersfield,icor,fall_2026,125.0
CSU Bakersfield,icor,spring_2026,34.0
CSU Bakersfield,icor,summer_2025,1.0
CSU Chico,icor,fall_2025,3.0
CSU Chico,icor,fall_2026,169.0
CSU Chico,icor,spring_2026,69.0
CSU Chico,icor,summer_2026,4.0
CSU Dominguez Hills,icor,fall_2026,2.0
CSU Dominguez Hills,icor,summer_2026,2.0
CSU East Bay,icor,fall_2025,48.0
CSU East Bay,icor,fall_2026,197.0
CSU East Bay,icor,spring_2026,106.0
CSU East Bay,icor,summer_2025,3.0
CSU East Bay,icor,summer_2026,4.0
CSU Fullerton,icor,fall_2025,100.0
CSU Fullerton,icor,fall_2026,9.0
CSU Fullerton,icor,spring_2026,6.0
CSU Fullerton,icor,summer_2025,66.0
CSU Fullerton,icor,summer_2026,2.0
CSU Long Beach,icor,fall_2025,33.0
CSU Long Beach,icor,fall_2026,44.0
CSU Long Beach,icor,spring_2025,9.0
CSU Long Beach,icor,spring_2026,41.0
CSU Long Beach,icor,summer_2025,3.0
CSU Long Beach,icor,summer_2026,2.0
CSU Los Angeles,icor,summer_2026,1.0
CSU Monterey Bay,icor,fall_2025,254.0
CSU Monterey Bay,icor,fall_2026,553.0
CSU Monterey Bay,icor,spring_2026,487.0
CSU Monterey Bay,icor,summer_2025,5.0
CSU Monterey Bay,icor,summer_2026,35.0
CSU Northridge,icor,fall_2025,22.0
CSU Northridge,icor,fall_2026,1.0
CSU Northridge,icor,spring_2026,48.0
CSU Sacramento,icor,fall_2025,152.0
CSU Sacramento,icor,fall_2026,240.0
CSU Sacramento,icor,spring_2026,232.0
CSU Sacramento,icor,summer_2025,1.0
CSU Sacramento,icor,summer_2026,17.0
CSU San Bernardino,icor,fall_2026,24.0
CSU San Jose,icor,fall_2026,77.0
CSU San Jose,icor,spring_2026,109.0
CSU San Marcos,cloudbank,fall_2026,30.0
CSU San Marcos,icor,fall_2026,31.0
CSU Sonoma,icor,fall_2026,1.0
Cal Poly Humboldt,cloudbank,fall_2023,9.0
Cal Poly Humboldt,cloudbank,fall_2024,36.0
Cal Poly Humboldt,cloudbank,fall_2025,130.0
Cal Poly Humboldt,cloudbank,fall_2026,120.0
Cal Poly Humboldt,cloudbank,spring_2024,6.0
Cal Poly Humboldt,cloudbank,spring_2025,36.0
Cal Poly Humboldt,cloudbank,spring_2026,191.0
Cal Poly Humboldt,cloudbank,summer_2025,3.0
Cal Poly Humboldt,cloudbank,summer_2026,3.0
Cal Poly Pomona,icor,summer_2026,1.0
Carnegie Mellon University,cloudbank,fall_2026,14.0
Carnegie Mellon University,cloudbank,spring_2026,9.0
Chabot CC,cloudbank,fall_2025,10.0
Chabot CC,cloudbank,spring_2026,1.0
Chaffey College,cloudbank,fall_2025,70.0
Chaffey College,cloudbank,fall_2026,45.0
Chaffey College,cloudbank,spring_2026,46.0
Chaffey College,cloudbank,summer_2025,19.0
Chaffey College,cloudbank,summer_2026,1.0
Chaminade University of Honolulu,cloudbank,fall_2026,1.0
Chicago State University,cloudbank,spring_2026,4.0
Clark University,cloudbank,fall_2026,26.0
Clark University,cloudbank,summer_2026,7.0
Clarke Atlanta University,cloudbank,fall_2026,3.0
Clarke Atlanta University,cloudbank,summer_2026,8.0
Cloud County Community College,cloudbank,summer_2026,1.0
College of San Mateo,cloudbank,fall_2023,36.0
College of San Mateo,cloudbank,fall_2024,32.0
College of San Mateo,cloudbank,fall_2025,30.0
College of San Mateo,cloudbank,fall_2026,23.0
College of San Mateo,cloudbank,spring_2023,33.0
College of San Mateo,cloudbank,spring_2024,39.0
College of San Mateo,cloudbank,spring_2025,31.0
College of San Mateo,cloudbank,spring_2026,35.0
College of San Mateo,cloudbank,summer_2023,1.0
College of San Mateo,cloudbank,summer_2026,1.0
Community College San Francisco,cloudbank,fall_2023,65.0
Community College San Francisco,cloudbank,fall_2024,128.0
Community College San Francisco,cloudbank,fall_2025,142.0
Community College San Francisco,cloudbank,fall_2026,141.0
Community College San Francisco,cloudbank,spring_2023,2.0
Community College San Francisco,cloudbank,spring_2024,109.0
Community College San Francisco,cloudbank,spring_2025,106.0
Community College San Francisco,cloudbank,spring_2026,151.0
Community College San Francisco,cloudbank,summer_2024,1.0
Community College San Francisco,cloudbank,summer_2025,1.0
Community College San Francisco,cloudbank,summer_2026,7.0
Diablo Valley College,icor,fall_2025,114.0
Diablo Valley College,icor,fall_2026,106.0
Diablo Valley College,icor,spring_2026,148.0
Diablo Valley College,icor,summer_2025,94.0
Diablo Valley College,icor,summer_2026,74.0
East Tennessee State,cloudbank,spring_2026,15.0
East Tennessee State,cloudbank,summer_2026,1.0
Eastern Michigan University,cloudbank,fall_2026,17.0
El Camino Community College,cloudbank,fall_2022,6.0
El Camino Community College,cloudbank,fall_2023,26.0
El Camino Community College,cloudbank,fall_2024,121.0
El Camino Community College,cloudbank,fall_2025,94.0
El Camino Community College,cloudbank,fall_2026,154.0
El Camino Community College,cloudbank,spring_2023,16.0
El Camino Community College,cloudbank,spring_2024,58.0
El Camino Community College,cloudbank,spring_2025,161.0
El Camino Community College,cloudbank,spring_2026,351.0
El Camino Community College,cloudbank,summer_2024,19.0
El Camino Community College,cloudbank,summer_2025,20.0
El Camino Community College,cloudbank,summer_2026,39.0
El Paso Community College,cloudbank,fall_2026,10.0
Evergreen Community College,cloudbank,fall_2023,12.0
Evergreen Community College,cloudbank,fall_2024,50.0
Evergreen Community College,cloudbank,fall_2025,66.0
Evergreen Community College,cloudbank,fall_2026,65.0
Evergreen Community College,cloudbank,spring_2024,26.0
Evergreen Community College,cloudbank,spring_2025,51.0
Evergreen Community College,cloudbank,spring_2026,41.0
Evergreen Community College,cloudbank,summer_2025,25.0
Evergreen Community College,cloudbank,summer_2026,74.0
Folsom Lake College,icor,fall_2025,43.0
Folsom Lake College,icor,fall_2026,28.0
Folsom Lake College,icor,spring_2026,65.0
Foothill Community College,cloudbank,fall_2024,1.0
Foothill Community College,cloudbank,fall_2025,61.0
Foothill Community College,cloudbank,fall_2026,80.0
Foothill Community College,cloudbank,spring_2025,98.0
Foothill Community College,cloudbank,spring_2026,196.0
Foothill Community College,cloudbank,summer_2025,100.0
Foothill Community College,cloudbank,summer_2026,147.0
Fresno Community College,cloudbank,fall_2022,7.0
Fresno Community College,cloudbank,fall_2023,11.0
Fresno Community College,cloudbank,fall_2024,15.0
Fresno Community College,cloudbank,fall_2025,26.0
Fresno Community College,cloudbank,fall_2026,23.0
Fresno Community College,cloudbank,spring_2023,1.0
Fresno Community College,cloudbank,spring_2025,18.0
Fresno Community College,cloudbank,spring_2026,28.0
Fresno Community College,cloudbank,summer_2025,1.0
George University,cloudbank,fall_2026,1.0
George University,cloudbank,summer_2026,2.0
George Washington University,cloudbank,fall_2026,162.0
George Washington University,cloudbank,spring_2026,87.0
George Washington University,cloudbank,summer_2026,1.0
Glendale Community College,cloudbank,fall_2023,3.0
Glendale Community College,cloudbank,fall_2024,13.0
Glendale Community College,cloudbank,fall_2025,13.0
Glendale Community College,cloudbank,fall_2026,30.0
Glendale Community College,cloudbank,spring_2023,11.0
Glendale Community College,cloudbank,spring_2024,8.0
Glendale Community College,cloudbank,spring_2025,13.0
Glendale Community College,cloudbank,spring_2026,20.0
Glendale Community College,cloudbank,summer_2026,3.0
Governors School of Science and Math,cloudbank,summer_2026,1.0
High School,cloudbank,fall_2024,1.0
High School,cloudbank,fall_2025,1.0
High School,cloudbank,fall_2026,1.0
High School,cloudbank,spring_2025,65.0
High School,cloudbank,spring_2026,24.0
High School,cloudbank,summer_2025,2.0
High School,cloudbank,summer_2026,1.0
LA Valley College,cloudbank,spring_2025,1.0
Laney Community College,cloudbank,fall_2023,21.0
Laney Community College,cloudbank,fall_2024,24.0
Laney Community College,cloudbank,fall_2025,95.0
Laney Community College,cloudbank,fall_2026,63.0
Laney Community College,cloudbank,spring_2024,37.0
Laney Community College,cloudbank,spring_2025,71.0
Laney Community College,cloudbank,spring_2026,120.0
Laney Community College,cloudbank,summer_2025,2.0
Laney Community College,cloudbank,summer_2026,5.0
Long Beach Community College,cloudbank,fall_2025,2.0
Long Beach Community College,cloudbank,fall_2026,16.0
Long Beach Community College,cloudbank,summer_2026,3.0
Los Angeles Community College,cloudbank,fall_2023,41.0
Los Angeles Community College,cloudbank,fall_2024,65.0
Los Angeles Community College,cloudbank,fall_2025,63.0
Los Angeles Community College,cloudbank,fall_2026,59.0
Los Angeles Community College,cloudbank,spring_2023,35.0
Los Angeles Community College,cloudbank,spring_2024,23.0
Los Angeles Community College,cloudbank,spring_2025,35.0
Los Angeles Community College,cloudbank,spring_2026,34.0
Los Angeles Community College,cloudbank,summer_2023,5.0
Los Angeles Community College,cloudbank,summer_2024,29.0
Los Angeles Community College,cloudbank,summer_2025,1.0
Los Angeles Community College,cloudbank,summer_2026,1.0
Mendocino College,cloudbank,fall_2025,6.0
Merced College,cloudbank,fall_2025,2.0
Merced College,cloudbank,summer_2025,1.0
MiraCosta College,cloudbank,fall_2022,1.0
MiraCosta College,cloudbank,fall_2024,1.0
MiraCosta College,cloudbank,fall_2025,8.0
MiraCosta College,cloudbank,fall_2026,8.0
MiraCosta College,cloudbank,spring_2023,1.0
MiraCosta College,cloudbank,spring_2024,1.0
MiraCosta College,cloudbank,spring_2025,1.0
MiraCosta College,cloudbank,spring_2026,14.0
MiraCosta College,cloudbank,summer_2025,8.0
MiraCosta College,cloudbank,summer_2026,5.0
Mission College,cloudbank,fall_2025,14.0
Mission College,cloudbank,fall_2026,1.0
Mission College,cloudbank,spring_2024,1.0
Mission College,cloudbank,spring_2026,1.0
Monmouth University,cloudbank,fall_2026,17.0
Monterey Peninsula College,icor,fall_2026,1.0
Moreno Community College,cloudbank,fall_2024,10.0
Moreno Community College,cloudbank,fall_2025,24.0
Moreno Community College,cloudbank,fall_2026,29.0
Moreno Community College,cloudbank,spring_2025,22.0
Moreno Community College,cloudbank,spring_2026,22.0
Moreno Community College,cloudbank,summer_2025,4.0
Moreno Community College,cloudbank,summer_2026,1.0
Norco Community College,cloudbank,fall_2023,12.0
Norco Community College,cloudbank,fall_2024,18.0
Norco Community College,cloudbank,fall_2025,40.0
Norco Community College,cloudbank,fall_2026,28.0
Norco Community College,cloudbank,spring_2025,21.0
Norco Community College,cloudbank,spring_2026,41.0
Norco Community College,cloudbank,summer_2026,1.0
Nova SouthEastern University,cloudbank,fall_2026,26.0
Oakland City University,cloudbank,spring_2026,2.0
Palomar Community College,cloudbank,spring_2025,2.0
Palomar Community College,cloudbank,spring_2026,25.0
Pasadena Community College,cloudbank,fall_2023,31.0
Pasadena Community College,cloudbank,fall_2024,70.0
Pasadena Community College,cloudbank,fall_2025,101.0
Pasadena Community College,cloudbank,fall_2026,65.0
Pasadena Community College,cloudbank,spring_2024,55.0
Pasadena Community College,cloudbank,spring_2025,60.0
Pasadena Community College,cloudbank,spring_2026,89.0
Pasadena Community College,cloudbank,summer_2024,1.0
Pasadena Community College,cloudbank,summer_2025,2.0
Pasadena Community College,cloudbank,summer_2026,4.0
Pennsylvania State University,cloudbank,fall_2026,21.0
Reedley Community College,cloudbank,spring_2026,10.0
Rio Hondo Community College,cloudbank,fall_2024,7.0
Rio Hondo Community College,cloudbank,fall_2025,10.0
Rio Hondo Community College,cloudbank,spring_2025,4.0
Rio Hondo Community College,cloudbank,spring_2026,9.0
SaddleBack Community College,cloudbank,fall_2024,24.0
SaddleBack Community College,cloudbank,fall_2025,25.0
SaddleBack Community College,cloudbank,fall_2026,50.0
SaddleBack Community College,cloudbank,spring_2025,28.0
SaddleBack Community College,cloudbank,spring_2026,46.0
SaddleBack Community College,cloudbank,summer_2025,2.0
SaddleBack Community College,cloudbank,summer_2026,2.0
San Jose Community College,cloudbank,fall_2022,18.0
San Jose Community College,cloudbank,fall_2023,20.0
San Jose Community College,cloudbank,fall_2024,1.0
San Jose Community College,cloudbank,spring_2023,26.0
San Jose Community College,cloudbank,spring_2024,18.0
Santa Barbara City College,cloudbank,fall_2022,30.0
Santa Barbara City College,cloudbank,fall_2023,19.0
Santa Barbara City College,cloudbank,fall_2024,68.0
Santa Barbara City College,cloudbank,fall_2025,222.0
Santa Barbara City College,cloudbank,fall_2026,61.0
Santa Barbara City College,cloudbank,spring_2023,47.0
Santa Barbara City College,cloudbank,spring_2024,45.0
Santa Barbara City College,cloudbank,spring_2025,116.0
Santa Barbara City College,cloudbank,spring_2026,120.0
Santa Barbara City College,cloudbank,summer_2023,1.0
Santa Barbara City College,cloudbank,summer_2024,1.0
Santa Barbara City College,cloudbank,summer_2025,25.0
Santa Barbara City College,cloudbank,summer_2026,2.0
Santa Barbara Community College,cloudbank,fall_2022,30.0
Santa Barbara Community College,cloudbank,fall_2023,19.0
Santa Barbara Community College,cloudbank,fall_2024,68.0
Santa Barbara Community College,cloudbank,fall_2025,224.0
Santa Barbara Community College,cloudbank,spring_2023,47.0
Santa Barbara Community College,cloudbank,spring_2024,45.0
Santa Barbara Community College,cloudbank,spring_2025,116.0
Santa Barbara Community College,cloudbank,spring_2026,122.0
Santa Barbara Community College,cloudbank,summer_2023,1.0
Santa Barbara Community College,cloudbank,summer_2024,1.0
Santa Barbara Community College,cloudbank,summer_2025,25.0
Santa Barbara Community College,cloudbank,summer_2026,2.0
Santa Monica College,cloudbank,fall_2026,17.0
Santa Rosa Junior College,cloudbank,fall_2024,12.0
Santa Rosa Junior College,cloudbank,fall_2025,2.0
Santa Rosa Junior College,cloudbank,fall_2026,34.0
Santa Rosa Junior College,cloudbank,spring_2025,10.0
Santa Rosa Junior College,cloudbank,spring_2026,31.0
Santa Rosa Junior College,cloudbank,summer_2026,1.0
Santiago Canyon College,cloudbank,fall_2025,1.0
Santiago Canyon College,cloudbank,fall_2026,7.0
Santiago Canyon College,cloudbank,spring_2026,11.0
Santiago Canyon College,cloudbank,summer_2026,2.0
Shasta College,cloudbank,fall_2026,1.0
Sierra Community College,cloudbank,fall_2025,12.0
Sierra Community College,cloudbank,fall_2026,26.0
Sierra Community College,cloudbank,spring_2026,30.0
Skyline Community College,cloudbank,fall_2022,1.0
Skyline Community College,cloudbank,fall_2023,9.0
Skyline Community College,cloudbank,fall_2024,27.0
Skyline Community College,cloudbank,fall_2025,27.0
Skyline Community College,cloudbank,fall_2026,33.0
Skyline Community College,cloudbank,spring_2024,16.0
Skyline Community College,cloudbank,spring_2025,39.0
Skyline Community College,cloudbank,spring_2026,63.0
Skyline Community College,cloudbank,summer_2023,2.0
Skyline Community College,cloudbank,summer_2024,38.0
Skyline Community College,cloudbank,summer_2025,36.0
Skyline Community College,cloudbank,summer_2026,27.0
Southern Oregon University,cloudbank,fall_2025,19.0
Southern Oregon University,cloudbank,fall_2026,12.0
Southern Oregon University,cloudbank,spring_2026,47.0
Southern Oregon University,cloudbank,summer_2026,4.0
Spelman College,cloudbank,fall_2025,10.0
Spelman College,cloudbank,fall_2026,17.0
Spelman College,cloudbank,summer_2026,1.0
Tennessee Technological University,cloudbank,fall_2026,7.0
Tiffin University,cloudbank,fall_2026,2.0
Tuskegee University,cloudbank,fall_2022,7.0
Tuskegee University,cloudbank,spring_2023,1.0
Tuskegee University,cloudbank,summer_2022,9.0
Tuskegee University,cloudbank,summer_2023,2.0
University of Arkansas for Medical Sciences,cloudbank,fall_2026,5.0
"University of California, Santa Cruz",icor,fall_2025,203.0
"University of California, Santa Cruz",icor,fall_2026,274.0
"University of California, Santa Cruz",icor,spring_2026,264.0
"University of California, Santa Cruz",icor,summer_2025,6.0
"University of California, Santa Cruz",icor,summer_2026,3.0
University of Maine,cloudbank,fall_2026,13.0
University of Maryland,cloudbank,fall_2026,14.0
University of Maryland,cloudbank,spring_2026,24.0
University of Maryland,cloudbank,summer_2026,6.0
University of North Carolina at Chapel Hill,cloudbank,fall_2026,227.0
University of Texas at Arlington,cloudbank,fall_2026,42.0
University of Toledo,cloudbank,summer_2026,2.0
University of Virginia,cloudbank,fall_2025,2.0
University of Virginia,cloudbank,fall_2026,1.0
University of Virginia,cloudbank,spring_2026,6.0
University of Virginia,cloudbank,summer_2026,2.0
University of Wyoming,cloudbank,summer_2026,1.0
Weber State University,cloudbank,summer_2026,1.0
West LA College,cloudbank,fall_2023,7.0
West LA College,cloudbank,fall_2024,15.0
West LA College,cloudbank,fall_2025,4.0
West LA College,cloudbank,spring_2025,1.0
Whitman College,cloudbank,fall_2026,2.0
Whitman College,cloudbank,summer_2026,1.0
"York College, CUNY",cloudbank,fall_2026,12.0
"York College, CUNY",cloudbank,summer_2026,2.0
